Teilnehmer,Mittlere HR (bpm),HRV (s)
Person 1,90.53554688077244,0.035635244751106215
Person 2,64.56133693408324,0.055391696724566925
Person 3,60.97976577597327,0.06153148460840824
